dt,Eglob
1.4416,-101.937
0.720802,-50.9684
0.288321,-20.3874
0.14416,-10.1937
0.0720802,-5.09684
0.0288321,-2.03874
